Name,Category,Subcategory
Troged High Speed Terminal,Hardware,Networking
Frimyl Wireless Hardware,Hardware,Networking
Czaricabot Integrated Client,Software,Clients
Etalon Interactive Solution,Software,Clients
Tropoleo Secure Server,Hardware,Servers
Trager Dynamic Platform,Software,Operating Systems
Spideric Gigabit Switch,Hardware,Networking
Dhanyl Automated Gateway,Hardware,Networking
Brayyl Broadband Router,Hardware,Networking
Unilan System Express,Hardware,Workstations
Clawibic Pre-Emptive Computer,Hardware,Workstations
Chabotic Workstation Ultimate,Hardware,Workstations
Premixis Interactive Interface,Software,Interfaces
Scalic Automated Router,Hardware,Networking
Stotod High Speed Router,Hardware,Networking
Protprop Solution Premium,Software,Solutions
Stibclawed System Deluxe,Hardware,Workstations
Spigeled Interactive Server,Hardware,Servers
Orinases Pre-Emptive Workstation,Hardware,Workstations
Travelspig Interactive System,Software,Systems
Cheganamania Interactive Switch,Hardware,Networking
Atomizic Wireless Platform,Software,Operating Systems
Etypis Interactive Terminal,Hardware,Networking
Granon Zero Administration Server,Hardware,Servers
Tweelet Integrated Workstation,Hardware,Workstations
Atomic Interface Ultimate,Software,Custom Software
Eleveter Zero Administration Terminal,Hardware,Networking
Spitebon Integrated System,Software,Systems
Spiritid Secure Workstation,Hardware,Workstations
Trimon Gigabit Platform,Software,Operating Systems
